LSOA21CD,LSOA21NM,LSOA21NMW,ObjectId
E01009048,Birmingham 040D,,8434
E01008881,Birmingham 067A,,8451
E01008994,Birmingham 074B,,8452
E01008882,Birmingham 066A,,8453
E01009220,Birmingham 008A,,8454
E01009102,Birmingham 141E,,8455
E01008941,Birmingham 115C,,8456
E01009160,Birmingham 125E,,8457
E01009221,Birmingham 007A,,8458
E01009222,Birmingham 008B,,8459
E01009223,Birmingham 013A,,8460
E01009224,Birmingham 008C,,8461
E01009225,Birmingham 013B,,8462
E01009226,Birmingham 017A,,8463
E01009227,Birmingham 013C,,8464
E01009228,Birmingham 013D,,8465
E01009229,Birmingham 017B,,8466
E01009230,Birmingham 017C,,8467
E01009231,Birmingham 017D,,8468
E01009232,Birmingham 022D,,8469
E01009233,Birmingham 008D,,8470
E01009234,Birmingham 019A,,8471
E01009235,Birmingham 016A,,8472
E01009236,Birmingham 019B,,8473
E01009237,Birmingham 024A,,8474
E01009238,Birmingham 024B,,8475
E01009239,Birmingham 033F,,8476
E01009240,Birmingham 024C,,8477
E01009241,Birmingham 024D,,8478
E01009242,Birmingham 024E,,8479
E01009243,Birmingham 016B,,8480
E01009244,Birmingham 019C,,8481
E01009245,Birmingham 016C,,8482
E01009246,Birmingham 016D,,8483
E01009161,Birmingham 125F,,8484
E01009247,Birmingham 016E,,8485
E01008883,Birmingham 078A,,8486
E01009162,Birmingham 124A,,8487
E01008942,Birmingham 117A,,8488
E01009248,Birmingham 019D,,8489
E01009103,Birmingham 029E,,8490
E01008884,Birmingham 078B,,8491
E01008995,Birmingham 134A,,8492
E01009164,Birmingham 130B,,8493
E01009049,Birmingham 032A,,8494
E01008943,Birmingham 117B,,8495
E01009249,Birmingham 080A,,8496
E01009104,Birmingham 141D,,8497
E01008885,Birmingham 076A,,8498
E01008996,Birmingham 074C,,8499
E01009165,Birmingham 129C,,8500
E01009050,Birmingham 035A,,8501
E01008944,Birmingham 115D,,8502
E01009250,Birmingham 080B,,8503
E01009105,Birmingham 025E,,8504
E01008886,Birmingham 076B,,8505
E01008997,Birmingham 074D,,8506
E01009166,Birmingham 131A,,8507
E01009051,Birmingham 033A,,8508
E01008945,Birmingham 122A,,8509
E01009251,Birmingham 080C,,8510
E01009106,Birmingham 029F,,8511
E01008887,Birmingham 078C,,8512
E01008998,Birmingham 031A,,8513
E01009167,Birmingham 130C,,8514
E01009053,Birmingham 033B,,8515
E01008946,Birmingham 122B,,8516
E01009252,Birmingham 073C,,8517
E01009107,Birmingham 128A,,8518
E01008888,Birmingham 076C,,8519
E01008999,Birmingham 031B,,8520
E01009168,Birmingham 131B,,8521
E01009054,Birmingham 033C,,8522
E01008947,Birmingham 122C,,8523
E01009253,Birmingham 080D,,8524
E01009108,Birmingham 127A,,8525
E01008889,Birmingham 078D,,8526
E01009000,Birmingham 031C,,8527
E01009169,Birmingham 129D,,8528
E01009056,Birmingham 032B,,8529
E01008948,Birmingham 122D,,8530
E01009109,Birmingham 123B,,8531
E01009254,Birmingham 085C,,8532
E01008890,Birmingham 089A,,8533
E01009001,Birmingham 018A,,8534
E01009170,Birmingham 131C,,8535
E01009057,Birmingham 035D,,8536
E01008949,Birmingham 122E,,8537
E01009110,Birmingham 128B,,8538
E01009255,Birmingham 080E,,8539
E01009256,Birmingham 085D,,8540
E01009257,Birmingham 080F,,8541
E01009258,Birmingham 085E,,8542
E01009259,Birmingham 094E,,8543
E01009260,Birmingham 073D,,8544
E01009261,Birmingham 073E,,8545
E01009262,Birmingham 133A,,8546
E01009263,Birmingham 032C,,8547
E01009264,Birmingham 032D,,8548
E01009265,Birmingham 032E,,8549
E01009266,Birmingham 034A,,8550
E01009267,Birmingham 133B,,8551
E01009268,Birmingham 036A,,8552
E01009269,Birmingham 034B,,8553
E01009111,Birmingham 127B,,8554
E01009112,Birmingham 127C,,8555
E01009113,Birmingham 128C,,8556
E01009114,Birmingham 128D,,8557
E01009115,Birmingham 128E,,8558
E01009116,Birmingham 127D,,8559
E01009117,Birmingham 126A,,8560
E01009118,Birmingham 127E,,8561
E01009119,Birmingham 123C,,8562
E01009120,Birmingham 123D,,8563
E01009122,Birmingham 014B,,8564
E01009123,Birmingham 022A,,8565
E01009124,Birmingham 022B,,8566
E01009125,Birmingham 022C,,8567
E01009126,Birmingham 026A,,8568
E01009127,Birmingham 011A,,8569
E01009128,Birmingham 011B,,8570
E01009129,Birmingham 014C,,8571
E01009130,Birmingham 011C,,8572
E01009131,Birmingham 011D,,8573
E01009132,Birmingham 014D,,8574
E01009133,Birmingham 011E,,8575
E01009134,Birmingham 011F,,8576
E01009135,Birmingham 010A,,8577
E01009136,Birmingham 014E,,8578
E01009137,Birmingham 011G,,8579
E01008891,Birmingham 089B,,8580
E01009138,Birmingham 060A,,8581
E01008892,Birmingham 089C,,8582
E01009002,Birmingham 023A,,8583
E01008950,Birmingham 113A,,8584
E01009139,Birmingham 060B,,8585
E01009058,Birmingham 033D,,8586
E01009171,Birmingham 130D,,8587
E01008893,Birmingham 089D,,8588
E01009003,Birmingham 018B,,8589
E01008951,Birmingham 112A,,8590
E01009140,Birmingham 060C,,8591
E01009059,Birmingham 035E,,8592
E01009172,Birmingham 119A,,8593
E01008894,Birmingham 089E,,8594
E01009005,Birmingham 025A,,8595
E01008952,Birmingham 112B,,8596
E01009141,Birmingham 137A,,8597
E01009060,Birmingham 035F,,8598
E01009173,Birmingham 119B,,8599
E01008895,Birmingham 089F,,8600
E01009006,Birmingham 023C,,8601
E01008953,Birmingham 107A,,8602
E01009143,Birmingham 136A,,8603
E01009061,Birmingham 033E,,8604
E01009174,Birmingham 119C,,8605
E01008896,Birmingham 066B,,8606
E01009007,Birmingham 023D,,8607
E01008954,Birmingham 113B,,8608
E01009145,Birmingham 060D,,8609
E01009062,Birmingham 040E,,8610
E01009175,Birmingham 104A,,8611
E01008897,Birmingham 067B,,8612
E01009008,Birmingham 141A,,8613
E01008955,Birmingham 112C,,8614
E01009146,Birmingham 136B,,8615
E01009064,Birmingham 095B,,8616
E01009176,Birmingham 105E,,8617
E01008898,Birmingham 066C,,8618
E01009009,Birmingham 025B,,8619
E01008956,Birmingham 112D,,8620
E01009147,Birmingham 060E,,8621
E01009065,Birmingham 075A,,8622
E01009177,Birmingham 104B,,8623
E01008899,Birmingham 037A,,8624
E01009011,Birmingham 141B,,8625
E01008957,Birmingham 112E,,8626
E01009151,Birmingham 053A,,8627
E01009066,Birmingham 073A,,8628
E01009178,Birmingham 104C,,8629
E01008901,Birmingham 037C,,8630
E01009012,Birmingham 141C,,8631
E01008958,Birmingham 113C,,8632
E01009152,Birmingham 053B,,8633
E01009067,Birmingham 075B,,8634
E01009179,Birmingham 104D,,8635
E01008905,Birmingham 040A,,8636
E01009013,Birmingham 031D,,8637
E01009014,Birmingham 090A,,8638
E01009015,Birmingham 089G,,8639
E01009016,Birmingham 098A,,8640
E01009017,Birmingham 097A,,8641
E01009018,Birmingham 090B,,8642
E01009019,Birmingham 103A,,8643
E01009020,Birmingham 103B,,8644
E01009021,Birmingham 103C,,8645
E01009022,Birmingham 098B,,8646
E01009023,Birmingham 098C,,8647
E01009024,Birmingham 103D,,8648
E01009025,Birmingham 103E,,8649
E01009026,Birmingham 090C,,8650
E01009028,Birmingham 090D,,8651
E01009029,Birmingham 090E,,8652
E01009030,Birmingham 098D,,8653
E01009031,Birmingham 105C,,8654
E01009032,Birmingham 108A,,8655
E01009033,Birmingham 103F,,8656
E01009034,Birmingham 108B,,8657
E01009035,Birmingham 108C,,8658
E01009036,Birmingham 108D,,8659
E01009037,Birmingham 105D,,8660
E01009039,Birmingham 132A,,8661
E01009040,Birmingham 132B,,8662
E01009041,Birmingham 132C,,8663
E01009042,Birmingham 132D,,8664
E01009043,Birmingham 097B,,8665
E01009044,Birmingham 097C,,8666
E01009045,Birmingham 097D,,8667
E01009046,Birmingham 097E,,8668
E01009047,Birmingham 040C,,8669
E01009182,Birmingham 092A,,8670
E01009183,Birmingham 088C,,8671
E01009184,Birmingham 092B,,8672
E01009185,Birmingham 093A,,8673
E01009186,Birmingham 088D,,8674
E01009187,Birmingham 092C,,8675
E01009188,Birmingham 092D,,8676
E01009189,Birmingham 104E,,8677
E01009192,Birmingham 052B,,8678
E01009195,Birmingham 058A,,8679
E01009197,Birmingham 058C,,8680
E01009199,Birmingham 052D,,8681
E01009200,Birmingham 139A,,8682
E01009201,Birmingham 043A,,8683
E01009202,Birmingham 043B,,8684
E01009204,Birmingham 052E,,8685
E01009205,Birmingham 120A,,8686
E01009206,Birmingham 120B,,8687
E01009207,Birmingham 124B,,8688
E01009208,Birmingham 124C,,8689
E01009209,Birmingham 124D,,8690
E01009210,Birmingham 126B,,8691
E01009211,Birmingham 120C,,8692
E01009212,Birmingham 126C,,8693
E01009213,Birmingham 124E,,8694
E01009214,Birmingham 126D,,8695
E01008906,Birmingham 049A,,8696
E01009215,Birmingham 126E,,8697
E01008907,Birmingham 040B,,8698
E01009153,Birmingham 053C,,8699
E01009068,Birmingham 075C,,8700
E01009216,Birmingham 131D,,8701
E01008959,Birmingham 116A,,8702
E01008909,Birmingham 041D,,8703
E01009155,Birmingham 125B,,8704
E01009069,Birmingham 075D,,8705
E01009217,Birmingham 131E,,8706
E01008960,Birmingham 116B,,8707
E01008910,Birmingham 050A,,8708
E01009157,Birmingham 125D,,8709
E01009070,Birmingham 073B,,8710
E01009218,Birmingham 120D,,8711
E01008961,Birmingham 116C,,8712
E01008911,Birmingham 049B,,8713
E01009158,Birmingham 129A,,8714
E01009071,Birmingham 087B,,8715
E01009219,Birmingham 120E,,8716
E01008962,Birmingham 116D,,8717
E01008913,Birmingham 050B,,8718
E01009159,Birmingham 130A,,8719
E01009072,Birmingham 075E,,8720
E01008963,Birmingham 107B,,8721
E01008915,Birmingham 030A,,8722
E01009073,Birmingham 085A,,8723
E01008964,Birmingham 107C,,8724
E01008916,Birmingham 037E,,8725
E01009074,Birmingham 085B,,8726
E01008965,Birmingham 107D,,8727
E01008917,Birmingham 102A,,8728
E01009075,Birmingham 087C,,8729
E01008966,Birmingham 107E,,8730
E01008918,Birmingham 094A,,8731
E01009077,Birmingham 095C,,8732
E01008967,Birmingham 110A,,8733
E01008968,Birmingham 110B,,8734
E01008969,Birmingham 117C,,8735
E01008970,Birmingham 110C,,8736
E01008971,Birmingham 117D,,8737
E01008972,Birmingham 118A,,8738
E01008973,Birmingham 118B,,8739
E01008974,Birmingham 118C,,8740
E01008975,Birmingham 118D,,8741
E01008976,Birmingham 121A,,8742
E01008977,Birmingham 123A,,8743
E01008978,Birmingham 121B,,8744
E01008979,Birmingham 121C,,8745
E01008980,Birmingham 121D,,8746
E01008981,Birmingham 110D,,8747
E01008982,Birmingham 079A,,8748
E01008984,Birmingham 074A,,8749
E01008986,Birmingham 064A,,8750
E01008987,Birmingham 064B,,8751
E01008988,Birmingham 064C,,8752
E01008989,Birmingham 064D,,8753
E01008990,Birmingham 064E,,8754
E01008991,Birmingham 064F,,8755
E01008992,Birmingham 079C,,8756
E01009078,Birmingham 087E,,8757
E01009079,Birmingham 141G,,8758
E01009080,Birmingham 141F,,8759
E01009081,Birmingham 141H,,8760
E01009082,Birmingham 044A,,8761
E01009083,Birmingham 141I,,8762
E01009084,Birmingham 042A,,8763
E01009085,Birmingham 042B,,8764
E01009086,Birmingham 044B,,8765
E01009087,Birmingham 042C,,8766
E01009088,Birmingham 045A,,8767
E01009089,Birmingham 042D,,8768
E01009090,Birmingham 042E,,8769
E01009091,Birmingham 045B,,8770
E01009092,Birmingham 054A,,8771
E01009093,Birmingham 054B,,8772
E01009094,Birmingham 054C,,8773
E01009095,Birmingham 056A,,8774
E01009096,Birmingham 029A,,8775
E01009097,Birmingham 029B,,8776
E01009098,Birmingham 025C,,8777
E01009099,Birmingham 029C,,8778
E01009100,Birmingham 025D,,8779
E01009101,Birmingham 029D,,8780
E01008919,Birmingham 095A,,8781
E01008920,Birmingham 094B,,8782
E01008921,Birmingham 094C,,8783
E01008923,Birmingham 102B,,8784
E01008924,Birmingham 101A,,8785
E01008925,Birmingham 102C,,8786
E01008927,Birmingham 102D,,8787
E01008928,Birmingham 102E,,8788
E01008929,Birmingham 106C,,8789
E01008930,Birmingham 106D,,8790
E01008931,Birmingham 094D,,8791
E01008932,Birmingham 111A,,8792
E01008933,Birmingham 105A,,8793
E01008934,Birmingham 105B,,8794
E01008935,Birmingham 111B,,8795
E01008936,Birmingham 111C,,8796
E01008937,Birmingham 115A,,8797
E01008938,Birmingham 111D,,8798
E01008939,Birmingham 111E,,8799
E01008940,Birmingham 115B,,8800
E01009270,Birmingham 034C,,8801
E01009271,Birmingham 034D,,8802
E01009272,Birmingham 036B,,8803
E01009273,Birmingham 034E,,8804
E01009274,Birmingham 036C,,8805
E01009275,Birmingham 039A,,8806
E01009276,Birmingham 133C,,8807
E01009278,Birmingham 133D,,8808
E01009279,Birmingham 133E,,8809
E01009280,Birmingham 100A,,8810
E01009281,Birmingham 099A,,8811
E01009282,Birmingham 100B,,8812
E01009283,Birmingham 079E,,8813
E01009284,Birmingham 096A,,8814
E01009286,Birmingham 096C,,8815
E01009288,Birmingham 100C,,8816
E01009289,Birmingham 096E,,8817
E01009290,Birmingham 096F,,8818
E01009291,Birmingham 095D,,8819
E01009292,Birmingham 099B,,8820
E01009293,Birmingham 100D,,8821
E01009294,Birmingham 099C,,8822
E01009295,Birmingham 099D,,8823
E01009296,Birmingham 100E,,8824
E01009297,Birmingham 057A,,8825
E01009298,Birmingham 054D,,8826
E01009299,Birmingham 057B,,8827
E01009300,Birmingham 057C,,8828
E01009301,Birmingham 057D,,8829
E01009302,Birmingham 069A,,8830
E01009303,Birmingham 057E,,8831
E01009304,Birmingham 046A,,8832
E01009305,Birmingham 045C,,8833
E01009306,Birmingham 046B,,8834
E01009307,Birmingham 045D,,8835
E01009308,Birmingham 046C,,8836
E01009309,Birmingham 045E,,8837
E01009310,Birmingham 046D,,8838
E01009311,Birmingham 054E,,8839
E01009312,Birmingham 072A,,8840
E01009313,Birmingham 076D,,8841
E01009314,Birmingham 069B,,8842
E01009315,Birmingham 081A,,8843
E01009316,Birmingham 081B,,8844
E01009317,Birmingham 081C,,8845
E01009318,Birmingham 081D,,8846
E01009319,Birmingham 081E,,8847
E01009320,Birmingham 081F,,8848
E01009321,Birmingham 069C,,8849
E01009322,Birmingham 069D,,8850
E01009382,Birmingham 142D,,8851
E01009594,Coventry 006D,,8852
E01009323,Birmingham 069E,,8853
E01009654,Coventry 021B,,8854
E01009539,Coventry 039A,,8855
E01009487,Birmingham 044F,,8856
E01009437,Birmingham 006C,,8857
E01009655,Coventry 016A,,8858
E01009656,Coventry 016B,,8859
E01009657,Coventry 018B,,8860
E01009658,Coventry 021C,,8861
E01009659,Coventry 016C,,8862
E01009660,Coventry 021D,,8863
E01009661,Coventry 028D,,8864
E01009662,Coventry 016D,,8865
E01009663,Coventry 013B,,8866
E01009664,Coventry 016E,,8867
E01009665,Coventry 042A,,8868
E01009666,Coventry 041A,,8869
E01009667,Coventry 041B,,8870
E01009668,Coventry 041C,,8871
E01009669,Coventry 042B,,8872
E01009670,Coventry 041D,,8873
E01009671,Coventry 042C,,8874
E01009672,Coventry 040E,,8875
E01009674,Coventry 029A,,8876
E01009676,Coventry 032A,,8877
E01009679,Coventry 036C,,8878
E01009681,Coventry 032B,,8879
E01009682,Coventry 032C,,8880
E01009683,Coventry 032D,,8881
E01009684,Coventry 026B,,8882
E01009685,Coventry 026C,,8883
E01009438,Birmingham 012C,,8884
E01009686,Coventry 026D,,8885
E01009324,Birmingham 072B,,8886
E01009439,Birmingham 021A,,8887
E01009488,Birmingham 051C,,8888
E01009687,Coventry 026E,,8889
E01009540,Coventry 039B,,8890
E01009325,Birmingham 063A,,8891
E01009596,Coventry 043C,,8892
E01009383,Birmingham 083D,,8893
E01009440,Birmingham 012D,,8894
E01009489,Birmingham 051D,,8895
E01009688,Coventry 030A,,8896
E01009541,Coventry 039C,,8897
E01009326,Birmingham 066D,,8898
E01009597,Coventry 043D,,8899
E01009384,Birmingham 092E,,8900
E01009441,Birmingham 021B,,8901
E01009490,Birmingham 055D,,8902
E01009689,Coventry 030B,,8903
E01009542,Coventry 039D,,8904
E01009327,Birmingham 139B,,8905
E01009598,Coventry 002D,,8906
E01009385,Birmingham 092F,,8907
E01009442,Birmingham 021C,,8908
E01009491,Birmingham 051E,,8909
E01009690,Coventry 030C,,8910
E01009543,Coventry 033D,,8911
E01009328,Birmingham 139C,,8912
E01009599,Coventry 013A,,8913
E01009389,Birmingham 093B,,8914
E01009443,Birmingham 021D,,8915
E01009492,Birmingham 055E,,8916
E01009691,Coventry 030D,,8917
E01009544,Coventry 038A,,8918
E01009329,Birmingham 070A,,8919
E01009604,Coventry 004A,,8920
E01009390,Birmingham 093C,,8921
E01009444,Birmingham 006D,,8922
E01009493,Birmingham 113D,,8923
E01009692,Coventry 022B,,8924
E01009548,Coventry 031A,,8925
E01009331,Birmingham 139D,,8926
E01009605,Coventry 004B,,8927
E01009391,Birmingham 143C,,8928
E01009445,Birmingham 005A,,8929
E01009494,Birmingham 109A,,8930
E01009693,Coventry 022C,,8931
E01009549,Coventry 037B,,8932
E01009332,Birmingham 139E,,8933
E01009606,Coventry 005C,,8934
E01009392,Birmingham 142E,,8935
E01009446,Birmingham 005B,,8936
E01009495,Birmingham 106E,,8937
E01009694,Coventry 022D,,8938
E01009695,Coventry 023A,,8939
E01009696,Coventry 023B,,8940
E01009697,Coventry 025A,,8941
E01009698,Coventry 025B,,8942
E01009699,Coventry 029B,,8943
E01009700,Coventry 029C,,8944
E01009701,Coventry 029D,,8945
E01009702,Coventry 029E,,8946
E01009704,Coventry 023C,,8947
E01009705,Coventry 023D,,8948
E01009706,Coventry 025D,,8949
E01009707,Coventry 033E,,8950
E01009708,Coventry 033F,,8951
E01009709,Coventry 007F,,8952
E01009496,Birmingham 109B,,8953
E01009497,Birmingham 109C,,8954
E01009498,Birmingham 119D,,8955
E01009499,Birmingham 119E,,8956
E01009500,Birmingham 095E,,8957
E01009501,Birmingham 101B,,8958
E01009502,Birmingham 101C,,8959
E01009503,Birmingham 101D,,8960
E01009504,Birmingham 109D,,8961
E01009505,Birmingham 101E,,8962
E01009506,Birmingham 109E,,8963
E01009507,Birmingham 056B,,8964
E01009508,Birmingham 056C,,8965
E01009509,Birmingham 056D,,8966
E01009510,Birmingham 056E,,8967
E01009511,Birmingham 054F,,8968
E01009512,Birmingham 062A,,8969
E01009513,Birmingham 066F,,8970
E01009514,Birmingham 062B,,8971
E01009515,Birmingham 067C,,8972
E01009516,Birmingham 062C,,8973
E01009517,Birmingham 062D,,8974
E01009518,Birmingham 067D,,8975
E01009519,Birmingham 072C,,8976
E01009520,Birmingham 072D,,8977
E01009521,Birmingham 067E,,8978
E01009522,Coventry 014A,,8979
E01009523,Coventry 010A,,8980
E01009524,Coventry 006A,,8981
E01009525,Coventry 006B,,8982
E01009526,Coventry 010B,,8983
E01009393,Birmingham 143D,,8984
E01009527,Coventry 006C,,8985
E01009607,Coventry 004C,,8986
E01009447,Birmingham 005C,,8987
E01009394,Birmingham 093D,,8988
E01009333,Birmingham 139F,,8989
E01009528,Coventry 010C,,8990
E01009550,Coventry 037C,,8991
E01009608,Coventry 004D,,8992
E01009448,Birmingham 005D,,8993
E01009395,Birmingham 097F,,8994
E01009334,Birmingham 070B,,8995
E01009529,Coventry 014B,,8996
E01009552,Coventry 037E,,8997
E01009609,Coventry 005D,,8998
E01009449,Birmingham 009A,,8999
E01009396,Birmingham 082D,,9000
E01009335,Birmingham 139G,,9001
E01009530,Coventry 014C,,9002
E01009553,Coventry 031B,,9003
E01009610,Coventry 004E,,9004
E01009450,Birmingham 012E,,9005
E01009397,Birmingham 077E,,9006
E01009337,Birmingham 070C,,9007
E01009531,Coventry 010D,,9008
E01009554,Coventry 034A,,9009
E01009612,Coventry 035F,,9010
E01009451,Birmingham 009B,,9011
E01009399,Birmingham 083E,,9012
E01009338,Birmingham 070D,,9013
E01009532,Coventry 033A,,9014
E01009555,Coventry 034B,,9015
E01009613,Coventry 018A,,9016
E01009452,Birmingham 005E,,9017
E01009400,Birmingham 031E,,9018
E01009339,Birmingham 142A,,9019
E01009535,Coventry 033B,,9020
E01009556,Coventry 034C,,9021
E01009614,Coventry 021A,,9022
E01009453,Birmingham 009C,,9023
E01009401,Birmingham 031F,,9024
E01009341,Birmingham 066E,,9025
E01009536,Coventry 033C,,9026
E01009557,Coventry 034D,,9027
E01009615,Coventry 027A,,9028
E01009454,Birmingham 006E,,9029
E01009403,Birmingham 020A,,9030
E01009342,Birmingham 063D,,9031
E01009537,Coventry 035C,,9032
E01009558,Coventry 034E,,9033
E01009616,Coventry 027B,,9034
E01009455,Birmingham 005F,,9035
E01009404,Birmingham 020B,,9036
E01009343,Birmingham 063E,,9037
E01009538,Coventry 035D,,9038
E01009559,Coventry 034F,,9039
E01009560,Coventry 040A,,9040
E01009561,Coventry 040B,,9041
E01009562,Coventry 040C,,9042
E01009563,Coventry 040D,,9043
E01009564,Coventry 005A,,9044
E01009565,Coventry 009A,,9045
E01009566,Coventry 009B,,9046
E01009567,Coventry 009C,,9047
E01009568,Coventry 009D,,9048
E01009569,Coventry 015A,,9049
E01009570,Coventry 015B,,9050
E01009571,Coventry 015C,,9051
E01009573,Coventry 015E,,9052
E01009574,Coventry 015F,,9053
E01009575,Coventry 005B,,9054
E01009576,Coventry 008A,,9055
E01009577,Coventry 007A,,9056
E01009578,Coventry 008B,,9057
E01009579,Coventry 007B,,9058
E01009580,Coventry 019A,,9059
E01009581,Coventry 007C,,9060
E01009582,Coventry 008C,,9061
E01009583,Coventry 008D,,9062
E01009584,Coventry 007D,,9063
E01009585,Coventry 007E,,9064
E01009586,Coventry 008E,,9065
E01009587,Coventry 011A,,9066
E01009588,Coventry 043A,,9067
E01009589,Coventry 001A,,9068
E01009590,Coventry 002A,,9069
E01009591,Coventry 002B,,9070
E01009592,Coventry 043B,,9071
E01009593,Coventry 002C,,9072
E01009344,Birmingham 139H,,9073
E01009345,Birmingham 053D,,9074
E01009346,Birmingham 053E,,9075
E01009347,Birmingham 049D,,9076
E01009348,Birmingham 047A,,9077
E01009349,Birmingham 036D,,9078
E01009350,Birmingham 039B,,9079
E01009351,Birmingham 036E,,9080
E01009352,Birmingham 039C,,9081
E01009353,Birmingham 039D,,9082
E01009354,Birmingham 036F,,9083
E01009355,Birmingham 039E,,9084
E01009358,Birmingham 047B,,9085
E01009359,Birmingham 047C,,9086
E01009360,Birmingham 047D,,9087
E01009361,Birmingham 047E,,9088
E01009362,Birmingham 071A,,9089
E01009363,Birmingham 071B,,9090
E01009364,Birmingham 071C,,9091
E01009365,Birmingham 071D,,9092
E01009366,Birmingham 084A,,9093
E01009367,Birmingham 083A,,9094
E01009368,Birmingham 077A,,9095
E01009371,Birmingham 077D,,9096
E01009372,Birmingham 082A,,9097
E01009373,Birmingham 082B,,9098
E01009374,Birmingham 084B,,9099
E01009456,Birmingham 018C,,9100
E01009375,Birmingham 083B,,9101
E01009405,Birmingham 020C,,9102
E01009457,Birmingham 015A,,9103
E01009376,Birmingham 084C,,9104
E01009406,Birmingham 020D,,9105
E01009617,Coventry 027C,,9106
E01009458,Birmingham 018D,,9107
E01009377,Birmingham 083C,,9108
E01009407,Birmingham 020E,,9109
E01009618,Coventry 027D,,9110
E01009459,Birmingham 015B,,9111
E01009379,Birmingham 071E,,9112
E01009408,Birmingham 026B,,9113
E01009620,Coventry 027E,,9114
E01009460,Birmingham 018E,,9115
E01009380,Birmingham 070E,,9116
E01009409,Birmingham 026C,,9117
E01009621,Coventry 027F,,9118
E01009461,Birmingham 015C,,9119
E01009410,Birmingham 026D,,9120
E01009622,Coventry 012A,,9121
E01009462,Birmingham 018F,,9122
E01009411,Birmingham 030B,,9123
E01009623,Coventry 012B,,9124
E01009463,Birmingham 015D,,9125
E01009412,Birmingham 030C,,9126
E01009624,Coventry 011B,,9127
E01009464,Birmingham 007B,,9128
E01009413,Birmingham 030D,,9129
E01009625,Coventry 011C,,9130
E01009465,Birmingham 007C,,9131
E01009414,Birmingham 030E,,9132
E01009626,Coventry 011D,,9133
E01009466,Birmingham 009D,,9134
E01009415,Birmingham 002A,,9135
E01009627,Coventry 012C,,9136
E01009467,Birmingham 007D,,9137
E01009416,Birmingham 003A,,9138
E01009417,Birmingham 001A,,9139
E01009418,Birmingham 001B,,9140
E01009419,Birmingham 001C,,9141
E01009420,Birmingham 003B,,9142
E01009421,Birmingham 004A,,9143
E01009422,Birmingham 002B,,9144
E01009423,Birmingham 002C,,9145
E01009424,Birmingham 004B,,9146
E01009425,Birmingham 002D,,9147
E01009426,Birmingham 003C,,9148
E01009427,Birmingham 004C,,9149
E01009428,Birmingham 004D,,9150
E01009429,Birmingham 003D,,9151
E01009430,Birmingham 004E,,9152
E01009431,Birmingham 003E,,9153
E01009432,Birmingham 006A,,9154
E01009433,Birmingham 001D,,9155
E01009434,Birmingham 012A,,9156
E01009435,Birmingham 006B,,9157
E01009436,Birmingham 012B,,9158
E01009468,Birmingham 004F,,9159
E01009469,Birmingham 010B,,9160
E01009470,Birmingham 010C,,9161
E01009471,Birmingham 009E,,9162
E01009472,Birmingham 010D,,9163
E01009473,Birmingham 010E,,9164
E01009474,Birmingham 010F,,9165
E01009475,Birmingham 055A,,9166
E01009476,Birmingham 055B,,9167
E01009477,Birmingham 055C,,9168
E01009478,Birmingham 048A,,9169
E01009479,Birmingham 048B,,9170
E01009480,Birmingham 044C,,9171
E01009481,Birmingham 044D,,9172
E01009482,Birmingham 048C,,9173
E01009483,Birmingham 051B,,9174
E01009484,Birmingham 048D,,9175
E01009485,Birmingham 048E,,9176
E01009486,Birmingham 044E,,9177
E01009628,Coventry 012D,,9178
E01009630,Coventry 020B,,9179
E01009631,Coventry 020C,,9180
E01009632,Coventry 020D,,9181
E01009633,Coventry 028A,,9182
E01009634,Coventry 028B,,9183
E01009636,Coventry 024A,,9184
E01009637,Coventry 024B,,9185
E01009638,Coventry 024C,,9186
E01009639,Coventry 024D,,9187
E01009640,Coventry 024E,,9188
E01009641,Coventry 024F,,9189
E01009643,Coventry 017A,,9190
E01009644,Coventry 017B,,9191
E01009645,Coventry 014D,,9192
E01009646,Coventry 022A,,9193
E01009647,Coventry 017C,,9194
E01009648,Coventry 017D,,9195
E01009649,Coventry 026A,,9196
E01009650,Coventry 020E,,9197
E01009651,Coventry 031D,,9198
E01009652,Coventry 017E,,9199
E01009653,Coventry 017F,,9200
E01009762,Dudley 006F,,9201
E01009763,Dudley 001A,,9202
E01009764,Dudley 001B,,9203
E01009765,Dudley 004A,,9204
E01009766,Dudley 004B,,9205
E01009767,Dudley 001C,,9206
E01009768,Dudley 004C,,9207
E01009769,Dudley 001D,,9208
E01009770,Dudley 001E,,9209
E01009771,Dudley 004D,,9210
E01009772,Dudley 005C,,9211
E01009773,Dudley 002A,,9212
E01009774,Dudley 005D,,9213
E01009775,Dudley 004E,,9214
E01009776,Dudley 004F,,9215
E01009777,Dudley 002B,,9216
E01009778,Dudley 002C,,9217
E01009779,Dudley 008A,,9218
E01009780,Dudley 009A,,9219
E01009781,Dudley 007A,,9220
E01009782,Dudley 008B,,9221
E01009783,Dudley 008C,,9222
E01009784,Dudley 009B,,9223
E01009785,Dudley 008D,,9224
E01009786,Dudley 007B,,9225
E01009787,Dudley 009C,,9226
E01009788,Dudley 005E,,9227
E01009710,Coventry 013C,,9228
E01009789,Dudley 007C,,9229
E01009790,Dudley 007D,,9230
E01009711,Coventry 013D,,9231
E01009791,Dudley 026A,,9232
E01009712,Coventry 018C,,9234
E01009862,Dudley 033D,,9236
E01009913,Dudley 021C,,9237
E01009792,Dudley 026B,,9238
E01009713,Coventry 019B,,9240
E01009812,Dudley 043E,,9241
E01009863,Dudley 033E,,9243
E01009914,Dudley 021D,,9244
E01009793,Dudley 030A,,9246
E01010108,Solihull 017A,,9284
E01010109,Solihull 009A,,9285
E01010110,Solihull 009B,,9286
E01010111,Solihull 008A,,9287
E01010112,Solihull 009C,,9288
E01010113,Solihull 009D,,9289
E01010114,Solihull 009E,,9290
E01010115,Solihull 015A,,9291
E01010116,Solihull 015B,,9292
E01010117,Solihull 003A,,9293
E01010118,Solihull 001A,,9294
E01009915,Dudley 021E,,9295
E01009916,Dudley 021F,,9296
E01009917,Dudley 024A,,9297
E01009918,Dudley 024B,,9298
E01009919,Dudley 024C,,9299
E01009813,Dudley 033B,,9300
E01009920,Dudley 024D,,9301
E01009864,Dudley 025A,,9302
E01009814,Dudley 014A,,9303
E01009794,Dudley 030B,,9305
E01009865,Dudley 025B,,9307
E01009714,Coventry 018D,,9309
E01009815,Dudley 014B,,9310
E01009795,Dudley 026C,,9312
E01009866,Dudley 025C,,9314
E01009715,Coventry 019C,,9316
E01009816,Dudley 012A,,9317
E01009796,Dudley 026D,,9319
E01009867,Dudley 025D,,9321
E01009716,Coventry 018E,,9323
E01009817,Dudley 012B,,9324
E01009797,Dudley 030C,,9326
E01009868,Dudley 033F,,9328
E01009717,Coventry 019D,,9330
E01009818,Dudley 014C,,9331
E01009798,Dudley 026E,,9333
E01009869,Dudley 032C,,9335
E01009718,Coventry 019E,,9337
E01009819,Dudley 012C,,9338
E01009799,Dudley 039D,,9340
E01009870,Dudley 032D,,9342
E01009719,Dudley 027A,,9344
E01009820,Dudley 012D,,9345
E01009800,Dudley 036A,,9347
E01009871,Dudley 018D,,9349
E01009720,Dudley 028A,,9351
E01009821,Dudley 014D,,9352
E01009822,Dudley 014E,,9353
E01009823,Dudley 016C,,9354
E01009824,Dudley 016D,,9355
E01009825,Dudley 019A,,9356
E01009826,Dudley 019B,,9357
E01009827,Dudley 019C,,9358
E01009828,Dudley 019D,,9359
E01009829,Dudley 019E,,9360
E01009830,Dudley 019F,,9361
E01009831,Dudley 037A,,9362
E01009832,Dudley 042A,,9363
E01009833,Dudley 032A,,9364
E01009834,Dudley 031D,,9365
E01009835,Dudley 032B,,9366
E01009836,Dudley 037B,,9367
E01009837,Dudley 037C,,9368
E01009838,Dudley 037D,,9369
E01009839,Dudley 013B,,9370
E01009840,Dudley 018A,,9371
E01009841,Dudley 017E,,9372
E01009842,Dudley 018B,,9373
E01009843,Dudley 018C,,9374
E01009844,Dudley 011A,,9375
E01009845,Dudley 041A,,9376
E01009846,Dudley 041B,,9377
E01009847,Dudley 038A,,9378
E01009848,Dudley 038B,,9379
E01009849,Dudley 038C,,9380
E01009850,Dudley 041C,,9381
E01009851,Dudley 038D,,9382
E01009852,Dudley 041D,,9383
E01009853,Dudley 042B,,9384
E01009854,Dudley 040A,,9385
E01009855,Dudley 042C,,9386
E01009856,Dudley 035A,,9387
E01009857,Dudley 040B,,9388
E01009858,Dudley 040C,,9389
E01009859,Dudley 040D,,9390
E01009860,Dudley 042D,,9391
E01009861,Dudley 033C,,9392
E01009721,Dudley 031A,,9393
E01009722,Dudley 027B,,9394
E01009723,Dudley 028B,,9395
E01009724,Dudley 028C,,9396
E01009725,Dudley 031B,,9397
E01009726,Dudley 031C,,9398
E01009727,Dudley 027C,,9399
E01009728,Dudley 027D,,9400
E01009729,Dudley 027E,,9401
E01009730,Dudley 028D,,9402
E01009731,Dudley 023A,,9403
E01009732,Dudley 039A,,9404
E01009733,Dudley 039B,,9405
E01009734,Dudley 034A,,9406
E01009735,Dudley 034B,,9407
E01009736,Dudley 034C,,9408
E01009737,Dudley 034D,,9409
E01009738,Dudley 034E,,9410
E01009739,Dudley 039C,,9411
E01009740,Dudley 023B,,9412
E01009741,Dudley 022A,,9413
E01009742,Dudley 023C,,9414
E01009743,Dudley 023D,,9415
E01009744,Dudley 022B,,9416
E01009745,Dudley 023E,,9417
E01009746,Dudley 022C,,9418
E01009801,Dudley 030D,,9419
E01009747,Dudley 022D,,9420
E01009802,Dudley 036B,,9422
E01009748,Dudley 013A,,9424
E01009872,Dudley 020A,,9426
E01009803,Dudley 036C,,9428
E01009749,Dudley 016A,,9430
E01009873,Dudley 020B,,9432
E01009804,Dudley 036D,,9434
E01009750,Dudley 016B,,9436
E01009874,Dudley 020C,,9438
E01009805,Dudley 039E,,9440
E01009751,Dudley 017A,,9442
E01009875,Dudley 018E,,9444
E01009806,Dudley 039F,,9446
E01009752,Dudley 017B,,9448
E01009876,Dudley 020D,,9450
E01009807,Dudley 043A,,9452
E01009753,Dudley 017C,,9454
E01009877,Dudley 020E,,9456
E01009808,Dudley 043B,,9458
E01009754,Dudley 017D,,9460
E01009756,Dudley 006B,,9461
E01009757,Dudley 006C,,9462
E01009758,Dudley 005A,,9463
E01009759,Dudley 006D,,9464
E01009760,Dudley 005B,,9465
E01009809,Dudley 033A,,9503
E01009878,Dudley 025E,,9504
E01009810,Dudley 043C,,9508
E01009879,Dudley 011B,,9509
E01009811,Dudley 043D,,9512
E01009880,Dudley 009D,,9513
E01009882,Dudley 009E,,9516
E01009883,Dudley 013C,,9519
E01009884,Dudley 013D,,9522
E01009885,Dudley 011D,,9525
E01009886,Dudley 013E,,9528
E01009887,Dudley 015A,,9531
E01009888,Dudley 015B,,9534
E01009889,Dudley 015C,,9537
E01009890,Dudley 015D,,9540
E01009891,Dudley 010A,,9543
E01009892,Dudley 010B,,9546
E01009893,Dudley 010C,,9549
E01009894,Dudley 010D,,9552
E01009895,Dudley 002D,,9555
E01009896,Dudley 003A,,9558
E01009897,Dudley 003B,,9561
E01009898,Dudley 003C,,9576
E01009899,Dudley 008E,,9577
E01009900,Dudley 008F,,9578
E01009901,Dudley 003D,,9579
E01009902,Dudley 003E,,9580
E01009903,Dudley 029A,,9581
E01009904,Dudley 029B,,9582
E01009905,Dudley 035B,,9583
E01009906,Dudley 035C,,9584
E01009907,Dudley 035D,,9585
E01009908,Dudley 035E,,9586
E01009909,Dudley 029C,,9587
E01009910,Dudley 029D,,9588
E01009911,Dudley 021A,,9589
E01009912,Dudley 021B,,9590
E01010119,Solihull 003B,,9601
E01010120,Solihull 001B,,9602
E01010121,Solihull 001C,,9603
E01010122,Solihull 001D,,9604
E01010123,Solihull 003C,,9605
E01010124,Solihull 003D,,9606
E01010125,Solihull 006A,,9607
E01010126,Solihull 008B,,9608
E01010127,Solihull 008C,,9609
E01010128,Solihull 008D,,9610
E01010271,Walsall 017A,,9611
E01010129,Solihull 006B,,9612
E01010130,Solihull 008E,,9613
E01010272,Walsall 017B,,9614
E01010426,Wolverhampton 035A,,9615
E01010131,Solihull 008F,,9616
E01010273,Walsall 017C,,9617
E01010427,Wolverhampton 030A,,9618
E01010478,Wolverhampton 011A,,9619
E01010132,Solihull 011A,,9620
E01010274,Walsall 021C,,9621
E01010220,Solihull 030A,,9622
E01010169,Solihull 025C,,9623
E01010428,Wolverhampton 035B,,9624
E01010325,Walsall 024C,,9625
E01010376,Walsall 020A,,9626
E01010479,Wolverhampton 011B,,9627
E01010133,Solihull 011B,,9628
E01010275,Walsall 021D,,9629
E01010221,Solihull 021C,,9630
E01010170,Solihull 025D,,9631
E01010429,Wolverhampton 035C,,9632
E01010326,Walsall 029A,,9633
E01010377,Walsall 020B,,9634
E01010480,Wolverhampton 011C,,9635
E01010134,Solihull 011C,,9636
E01010277,Walsall 013B,,9637
E01010222,Solihull 021D,,9638
E01010171,Solihull 025E,,9639
E01010430,Wolverhampton 035D,,9640
E01010327,Walsall 029B,,9641
E01010378,Walsall 019A,,9642
E01010481,Wolverhampton 004D,,9643
E01010135,Solihull 011D,,9644
E01010279,Walsall 018B,,9645
E01010223,Solihull 030B,,9646
E01010172,Solihull 014A,,9647
E01010431,Wolverhampton 030B,,9648
E01010328,Walsall 029C,,9649
E01010379,Walsall 019B,,9650
E01010482,Wolverhampton 007A,,9651
E01010136,Solihull 012A,,9652
E01010282,Walsall 012A,,9653
E01010225,Solihull 030C,,9654
E01010173,Solihull 014B,,9655
E01010432,Wolverhampton 030C,,9656
E01010329,Walsall 039A,,9657
E01010380,Walsall 020C,,9658
E01010483,Wolverhampton 007B,,9659
E01010137,Solihull 012B,,9660
E01010283,Walsall 013D,,9661
E01010226,Solihull 016B,,9662
E01010174,Solihull 013A,,9663
E01010433,Wolverhampton 035E,,9664
E01010330,Walsall 029D,,9665
E01010381,Walsall 020D,,9666
E01010484,Wolverhampton 007C,,9667
E01010138,Solihull 011E,,9668
E01010284,Walsall 006A,,9669
E01010227,Solihull 015C,,9670
E01010175,Solihull 013B,,9671
E01010434,Wolverhampton 001A,,9672
E01010436,Wolverhampton 001B,,9673
E01010437,Wolverhampton 001C,,9674
E01010438,Wolverhampton 001D,,9675
E01010439,Wolverhampton 001E,,9676
E01010440,Wolverhampton 001F,,9677
E01010441,Wolverhampton 001G,,9678
E01010442,Wolverhampton 018A,,9679
E01010443,Wolverhampton 018B,,9680
E01010444,Wolverhampton 018C,,9681
E01010445,Wolverhampton 018D,,9682
E01010446,Wolverhampton 023E,,9683
E01010447,Wolverhampton 018E,,9684
E01010448,Wolverhampton 018F,,9685
E01010449,Wolverhampton 029A,,9686
E01010450,Wolverhampton 029B,,9687
E01010451,Wolverhampton 029C,,9688
E01010452,Wolverhampton 029D,,9689
E01010454,Wolverhampton 035G,,9690
E01010455,Wolverhampton 029E,,9691
E01010456,Wolverhampton 004A,,9692
E01010457,Wolverhampton 004B,,9693
E01010458,Wolverhampton 008A,,9694
E01010459,Wolverhampton 008B,,9695
E01010460,Wolverhampton 008C,,9696
E01010461,Wolverhampton 008D,,9697
E01010462,Wolverhampton 004C,,9698
E01010463,Wolverhampton 020A,,9699
E01010464,Wolverhampton 020B,,9700
E01010465,Wolverhampton 020C,,9701
E01010466,Wolverhampton 020D,,9702
E01010467,Wolverhampton 026A,,9703
E01010468,Wolverhampton 026B,,9704
E01010469,Wolverhampton 026C,,9705
E01010470,Wolverhampton 020E,,9706
E01010471,Wolverhampton 015A,,9707
E01010472,Wolverhampton 015B,,9708
E01010473,Wolverhampton 015C,,9709
E01010474,Wolverhampton 012A,,9710
E01010475,Wolverhampton 015D,,9711
E01010476,Wolverhampton 015E,,9712
E01010477,Wolverhampton 015F,,9713
E01010176,Solihull 014C,,9714
E01010177,Solihull 013C,,9715
E01010178,Solihull 013D,,9716
E01010179,Solihull 014D,,9717
E01010180,Solihull 029A,,9718
E01010181,Solihull 029B,,9719
E01010183,Solihull 029D,,9720
E01010184,Solihull 028B,,9721
E01010185,Solihull 028C,,9722
E01010186,Solihull 028D,,9723
E01010187,Solihull 028E,,9724
E01010188,Solihull 028F,,9725
E01010189,Solihull 029E,,9726
E01010190,Solihull 024A,,9727
E01010191,Solihull 022A,,9728
E01010192,Solihull 019A,,9729
E01010193,Solihull 024B,,9730
E01010194,Solihull 024C,,9731
E01010195,Solihull 016A,,9732
E01010196,Solihull 019B,,9733
E01010197,Solihull 019C,,9734
E01010198,Solihull 019D,,9735
E01010199,Solihull 018A,,9736
E01010200,Solihull 018B,,9737
E01010201,Solihull 018C,,9738
E01010202,Solihull 022B,,9739
E01010203,Solihull 022C,,9740
E01010204,Solihull 018D,,9741
E01010382,Walsall 019C,,9742
E01010205,Solihull 018E,,9743
E01010383,Walsall 019D,,9744
E01010285,Walsall 006B,,9745
E01010139,Solihull 006C,,9746
E01010228,Solihull 015D,,9747
E01010206,Solihull 018F,,9748
E01010485,Wolverhampton 007D,,9749
E01010384,Walsall 032A,,9750
E01010286,Walsall 006C,,9751
E01010331,Walsall 035A,,9752
E01010140,Solihull 007A,,9753
E01010229,Solihull 016C,,9754
E01010207,Solihull 024D,,9755
E01010486,Wolverhampton 011D,,9756
E01010385,Walsall 028A,,9757
E01010287,Walsall 012B,,9758
E01010332,Walsall 035B,,9759
E01010141,Solihull 006D,,9760
E01010230,Solihull 016D,,9761
E01010208,Solihull 023A,,9762
E01010487,Wolverhampton 021A,,9763
E01010386,Walsall 028B,,9764
E01010288,Walsall 012C,,9765
E01010333,Walsall 035C,,9766
E01010142,Solihull 007B,,9767
E01010231,Solihull 016E,,9768
E01010209,Solihull 022D,,9769
E01010488,Wolverhampton 021B,,9770
E01010489,Wolverhampton 028A,,9771
E01010490,Wolverhampton 028B,,9772
E01010491,Wolverhampton 028C,,9773
E01010492,Wolverhampton 028D,,9774
E01010493,Wolverhampton 021C,,9775
E01010494,Wolverhampton 028E,,9776
E01010495,Wolverhampton 002A,,9777
E01010496,Wolverhampton 003A,,9778
E01010497,Wolverhampton 002B,,9779
E01010498,Wolverhampton 003B,,9780
E01010499,Wolverhampton 002C,,9781
E01010500,Wolverhampton 002D,,9782
E01010501,Wolverhampton 006B,,9783
E01010502,Wolverhampton 006C,,9784
E01010503,Wolverhampton 006D,,9785
E01010504,Wolverhampton 021D,,9786
E01010505,Wolverhampton 021E,,9787
E01010506,Wolverhampton 017A,,9788
E01010507,Wolverhampton 021F,,9789
E01010508,Wolverhampton 017B,,9790
E01010509,Wolverhampton 019A,,9791
E01010510,Wolverhampton 017C,,9792
E01010511,Wolverhampton 017D,,9793
E01010512,Wolverhampton 017E,,9794
E01010513,Wolverhampton 031A,,9795
E01010514,Wolverhampton 031B,,9796
E01010515,Wolverhampton 031C,,9797
E01010516,Wolverhampton 026D,,9798
E01010517,Wolverhampton 031D,,9799
E01010518,Wolverhampton 026E,,9800
E01010519,Wolverhampton 030D,,9801
E01010520,Wolverhampton 030E,,9802
E01010522,Wolverhampton 013A,,9803
E01010523,Wolverhampton 013B,,9804
E01010524,Wolverhampton 013C,,9805
E01010525,Wolverhampton 013D,,9806
E01010526,Wolverhampton 016A,,9807
E01010527,Wolverhampton 016B,,9808
E01010528,Wolverhampton 016C,,9809
E01010232,Solihull 015E,,9810
E01010233,Solihull 016F,,9811
E01010234,Solihull 004B,,9812
E01010235,Solihull 002A,,9813
E01010236,Solihull 002B,,9814
E01010237,Solihull 004C,,9815
E01010238,Solihull 004D,,9816
E01010239,Solihull 002C,,9817
E01010240,Solihull 002D,,9818
E01010241,Walsall 015A,,9819
E01010242,Walsall 015B,,9820
E01010243,Walsall 015C,,9821
E01010244,Walsall 015D,,9822
E01010245,Walsall 022A,,9823
E01010246,Walsall 022B,,9824
E01010247,Walsall 022C,,9825
E01010248,Walsall 022D,,9826
E01010249,Walsall 004A,,9827
E01010250,Walsall 004B,,9828
E01010251,Walsall 007A,,9829
E01010252,Walsall 004C,,9830
E01010253,Walsall 007B,,9831
E01010254,Walsall 004D,,9832
E01010255,Walsall 007C,,9833
E01010256,Walsall 007D,,9834
E01010257,Walsall 007E,,9835
E01010258,Walsall 023A,,9836
E01010259,Walsall 023B,,9837
E01010260,Walsall 023C,,9838
E01010261,Walsall 033A,,9839
E01010262,Walsall 036A,,9840
E01010263,Walsall 033B,,9841
E01010264,Walsall 033C,,9842
E01010265,Walsall 033D,,9843
E01010266,Walsall 023D,,9844
E01010267,Walsall 021A,,9845
E01010289,Walsall 012D,,9846
E01010268,Walsall 021B,,9847
E01010290,Walsall 006D,,9848
E01010143,Solihull 007C,,9849
E01010334,Walsall 035D,,9850
E01010210,Solihull 023B,,9851
E01010269,Walsall 026A,,9852
E01010387,Walsall 028C,,9853
E01010291,Walsall 009A,,9854
E01010144,Solihull 007D,,9855
E01010335,Walsall 037A,,9856
E01010211,Solihull 023C,,9857
E01010270,Walsall 026B,,9858
E01010388,Walsall 022E,,9859
E01010292,Walsall 008A,,9860
E01010145,Solihull 005A,,9861
E01010336,Walsall 034A,,9862
E01010212,Solihull 027A,,9863
E01010389,Walsall 032B,,9864
E01010293,Walsall 009B,,9865
E01010146,Solihull 004A,,9866
E01010337,Walsall 037B,,9867
E01010213,Solihull 022E,,9868
E01010214,Solihull 027B,,9869
E01010215,Solihull 027C,,9870
E01010216,Solihull 027D,,9871
E01010217,Solihull 023D,,9872
E01010218,Solihull 021A,,9873
E01010219,Solihull 021B,,9874
E01010147,Solihull 005B,,9875
E01010148,Solihull 005C,,9876
E01010149,Solihull 005D,,9877
E01010150,Solihull 028A,,9878
E01010151,Solihull 026A,,9879
E01010152,Solihull 026B,,9880
E01010153,Solihull 026C,,9881
E01010154,Solihull 026D,,9882
E01010155,Solihull 026E,,9883
E01010294,Walsall 008B,,9884
E01010156,Solihull 026F,,9885
E01010295,Walsall 017D,,9886
E01010338,Walsall 037C,,9887
E01010390,Walsall 032C,,9888
E01010157,Solihull 010A,,9889
E01010296,Walsall 008C,,9890
E01010339,Walsall 037D,,9891
E01010391,Walsall 032D,,9892
E01010158,Solihull 012C,,9893
E01010297,Walsall 008D,,9894
E01010340,Walsall 034B,,9895
E01010392,Walsall 028D,,9896
E01010159,Solihull 010B,,9897
E01010298,Walsall 009C,,9898
E01010341,Walsall 034C,,9899
E01010393,Walsall 014A,,9900
E01010160,Solihull 012D,,9901
E01010299,Walsall 009D,,9902
E01010342,Walsall 034D,,9903
E01010394,Walsall 014B,,9904
E01010161,Solihull 012E,,9905
E01010300,Walsall 009E,,9906
E01010343,Walsall 034E,,9907
E01010395,Walsall 011A,,9908
E01010162,Solihull 010C,,9909
E01010301,Walsall 001A,,9910
E01010344,Walsall 034F,,9911
E01010396,Walsall 014C,,9912
E01010163,Solihull 010D,,9913
E01010302,Walsall 002A,,9914
E01010345,Walsall 003A,,9915
E01010397,Walsall 011B,,9916
E01010164,Solihull 017B,,9917
E01010303,Walsall 001B,,9918
E01010346,Walsall 003B,,9919
E01010398,Walsall 011C,,9920
E01010165,Solihull 017C,,9921
E01010304,Walsall 002B,,9922
E01010347,Walsall 003C,,9923
E01010399,Walsall 011D,,9924
E01010166,Solihull 025A,,9925
E01010305,Walsall 002C,,9926
E01010348,Walsall 005A,,9927
E01010400,Walsall 014D,,9928
E01010167,Solihull 017D,,9929
E01010306,Walsall 001C,,9930
E01010349,Walsall 005B,,9931
E01010401,Walsall 025A,,9932
E01010168,Solihull 025B,,9933
E01010307,Walsall 001D,,9934
E01010350,Walsall 003D,,9935
E01010402,Walsall 027A,,9936
E01010308,Walsall 002D,,9937
E01010351,Walsall 005C,,9938
E01010403,Walsall 025B,,9939
E01010309,Walsall 036B,,9940
E01010352,Walsall 005D,,9941
E01010404,Walsall 025C,,9942
E01010310,Walsall 038A,,9943
E01010353,Walsall 010C,,9944
E01010405,Walsall 027B,,9945
E01010311,Walsall 036C,,9946
E01010354,Walsall 010D,,9947
E01010406,Walsall 027C,,9948
E01010312,Walsall 038B,,9949
E01010355,Walsall 039B,,9950
E01010407,Walsall 025D,,9951
E01010313,Walsall 038C,,9952
E01010356,Walsall 039C,,9953
E01010408,Walsall 025E,,9954
E01010314,Walsall 038D,,9955
E01010357,Walsall 039D,,9956
E01010409,Walsall 027D,,9957
E01010315,Walsall 038E,,9958
E01010358,Walsall 039E,,9959
E01010410,Wolverhampton 033A,,9960
E01010316,Walsall 036D,,9961
E01010359,Walsall 039F,,9962
E01010411,Wolverhampton 033B,,9963
E01010317,Walsall 024A,,9964
E01010360,Walsall 039G,,9965
E01010412,Wolverhampton 033C,,9966
E01010318,Walsall 024B,,9967
E01010361,Walsall 031A,,9968
E01010413,Wolverhampton 033D,,9969
E01010319,Walsall 010A,,9970
E01010362,Walsall 026C,,9971
E01010414,Wolverhampton 027A,,9972
E01010415,Wolverhampton 027B,,9973
E01010416,Wolverhampton 027C,,9974
E01010417,Wolverhampton 023A,,9975
E01010418,Wolverhampton 022A,,9976
E01010419,Wolverhampton 023B,,9977
E01010420,Wolverhampton 023C,,9978
E01010421,Wolverhampton 022B,,9979
E01010422,Wolverhampton 027D,,9980
E01010423,Wolverhampton 022C,,9981
E01010424,Wolverhampton 022D,,9982
E01010425,Wolverhampton 023D,,9983
E01010363,Walsall 026D,,9984
E01010364,Walsall 031B,,9985
E01010365,Walsall 031C,,9986
E01010366,Walsall 031D,,9987
E01010367,Walsall 031E,,9988
E01010368,Walsall 030A,,9989
E01010369,Walsall 024D,,9990
E01010370,Walsall 030B,,9991
E01010372,Walsall 030D,,9992
E01010373,Walsall 030E,,9993
E01010374,Walsall 018D,,9994
E01010375,Walsall 018E,,9995
E01010320,Walsall 016A,,9996
E01010321,Walsall 010B,,9997
E01010322,Walsall 016B,,9998
E01010323,Walsall 016C,,9999
E01010324,Walsall 016D,,10000
E01010529,Wolverhampton 016D,,10001
E01010530,Wolverhampton 035H,,10002
E01010531,Wolverhampton 034A,,10003
E01010532,Wolverhampton 034B,,10004
E01010533,Wolverhampton 032A,,10005
E01010534,Wolverhampton 034C,,10006
E01010535,Wolverhampton 032B,,10007
E01010536,Wolverhampton 032C,,10008
E01010537,Wolverhampton 032D,,10009
E01010538,Wolverhampton 034D,,10010
E01010539,Wolverhampton 009A,,10011
E01010540,Wolverhampton 009B,,10012
E01010541,Wolverhampton 003C,,10013
E01010542,Wolverhampton 009C,,10014
E01010543,Wolverhampton 003D,,10015
E01010544,Wolverhampton 009D,,10016
E01010545,Wolverhampton 009E,,10018
E01010546,Wolverhampton 014A,,10019
E01010547,Wolverhampton 014B,,10020
E01010548,Wolverhampton 014C,,10022
E01010549,Wolverhampton 014D,,10024
E01010550,Wolverhampton 019B,,10029
E01010551,Wolverhampton 019C,,10036
E01010552,Wolverhampton 019D,,10044
E01010553,Wolverhampton 014E,,10052
E01010554,Wolverhampton 010A,,10060
E01010555,Wolverhampton 005A,,10068
E01010556,Wolverhampton 005B,,10076
E01010557,Wolverhampton 005C,,10117
E01010558,Wolverhampton 010B,,10118
E01010559,Wolverhampton 005D,,10119
E01010560,Wolverhampton 005E,,10120
E01010561,Wolverhampton 012B,,10121
E01010562,Wolverhampton 010C,,10122
E01010563,Wolverhampton 010D,,10123
E01010564,Wolverhampton 012C,,10124
E01010565,Wolverhampton 012D,,10125
E01010566,Wolverhampton 008E,,10126
E01010567,Wolverhampton 010E,,10127
E01032527,Coventry 035G,,30975
E01032528,Coventry 035H,,30976
E01032529,Coventry 038E,,30977
E01032530,Coventry 038F,,30978
E01032532,Coventry 036F,,30979
E01032533,Coventry 036G,,30980
E01032534,Coventry 037F,,30984
E01032535,Coventry 037G,,30985
E01032536,Coventry 001F,,30986
E01032537,Coventry 001G,,30987
E01032538,Coventry 001H,,30988
E01032885,Solihull 029F,,31075
E01032886,Solihull 029G,,31079
E01032888,Walsall 018F,,31083
E01032587,Coventry 043E,,31109
E01032589,Birmingham 132E,,31117
E01032590,Solihull 030D,,31121
E01032591,Birmingham 133F,,31125
E01033058,Coventry 042F,,31331
E01033894,Walsall 013F,,31686
E01033895,Walsall 013G,,31687
E01033896,Walsall 030F,,31688
E01033897,Walsall 030G,,31689
E01033622,Birmingham 138B,,31703
E01033623,Birmingham 138C,,31705
E01033624,Birmingham 134C,,31706
E01033625,Birmingham 138D,,31707
E01033626,Birmingham 134D,,31708
E01033627,Birmingham 137E,,31709
E01033629,Birmingham 106F,,31710
E01033630,Birmingham 031H,,31711
E01033638,Birmingham 049F,,31712
E01033640,Birmingham 134E,,31713
E01033642,Birmingham 063F,,31715
E01033643,Birmingham 082F,,31718
E01033646,Birmingham 031I,,31724
E01033648,Birmingham 084F,,31730
E01033649,Birmingham 058F,,31736
E01033650,Birmingham 077F,,31742
E01033557,Birmingham 134B,,31839
E01033559,Birmingham 049E,,31843
E01033561,Birmingham 050E,,31847
E01033562,Birmingham 087F,,31851
E01033564,Birmingham 136C,,31855
E01033565,Birmingham 137B,,31897
E01033567,Birmingham 135B,,31900
E01033615,Birmingham 135C,,31993
E01033616,Birmingham 135D,,31995
E01033617,Birmingham 050F,,31997
E01033618,Birmingham 137C,,31999
E01033620,Birmingham 138A,,32000
E01034312,Wolverhampton 020G,,32153
E01034306,Dudley 006H,,32201
E01034307,Dudley 006I,,32202
E01034308,Dudley 011E,,32203
E01034309,Dudley 011F,,32204
E01034310,Wolverhampton 006E,,32205
E01034311,Wolverhampton 006F,,32206
E01034313,Wolverhampton 020H,,32257
E01034314,Wolverhampton 035I,,32284
E01034315,Wolverhampton 035J,,32286
E01034735,Coventry 015G,,32578
E01034736,Coventry 015H,,32579
E01034737,Coventry 020F,,32580
E01034738,Coventry 020G,,32581
E01034739,Coventry 025E,,32582
E01034740,Coventry 025F,,32583
E01034741,Coventry 028E,,32584
E01034742,Coventry 028F,,32585
E01034743,Coventry 031E,,32586
E01034744,Coventry 031F,,32587
E01034745,Coventry 035I,,32588
E01034746,Coventry 035J,,32589
E01034747,Coventry 036H,,32590
E01034748,Coventry 036I,,32591
E01034749,Coventry 038G,,32592
E01034750,Coventry 038H,,32593
E01034913,Birmingham 014F,,33047
E01034914,Birmingham 014G,,33051
E01034915,Birmingham 023G,,33052
E01034916,Birmingham 023H,,33053
E01034917,Birmingham 035H,,33054
E01034918,Birmingham 035I,,33055
E01034919,Birmingham 037G,,33056
E01034920,Birmingham 037H,,33057
E01034921,Birmingham 039I,,33058
E01034922,Birmingham 039J,,33059
E01034923,Birmingham 041H,,33060
E01034924,Birmingham 041I,,33061
E01034925,Birmingham 041J,,33062
E01034926,Birmingham 041K,,33063
E01034927,Birmingham 043D,,33064
E01034928,Birmingham 043E,,33065
E01034929,Birmingham 050G,,33066
E01034930,Birmingham 050H,,33067
E01034931,Birmingham 051F,,33068
E01034932,Birmingham 051G,,33069
E01034933,Birmingham 052G,,33070
E01034934,Birmingham 052H,,33071
E01034935,Birmingham 058G,,33072
E01034936,Birmingham 079G,,33073
E01034937,Birmingham 079H,,33074
E01034938,Birmingham 088F,,33075
E01034939,Birmingham 088G,,33076
E01034940,Birmingham 096H,,33077
E01034941,Birmingham 096I,,33078
E01034942,Birmingham 125H,,33079
E01034943,Birmingham 125I,,33080
E01034944,Birmingham 129E,,33081
E01034945,Birmingham 129F,,33082
E01034946,Birmingham 135E,,33083
E01034947,Birmingham 135F,,33084
E01034948,Birmingham 136E,,33085
E01034949,Birmingham 136F,,33086
E01034950,Birmingham 137F,,33087
E01034951,Birmingham 137G,,33088
E01034952,Birmingham 142B,,33089
E01034953,Birmingham 142C,,33090
E01034954,Birmingham 143A,,33091
E01034955,Birmingham 143B,,33092
